Time_days,C_serum_ug/L
0,237.6840287
1.756954612,218.7761624
7.613469985,165.9586907
21.96193265,72.44359601
36.01756955,34.35579479
57.10102489,16.29296033