time_days,n_subjects,mean_ng_ml,sd_ng_ml
2190.0,24,8.747855918,18.920056402520387
