Age_group,Mean,P25,P75,N
1,32.21269297,17.80445969,39.0051458,6
2,17.49571184,8.33619211,36.6380789,5
3,8.747855918,2.264150943,27.78730703,24