Time_days,C_serum_ug/L
0,93.7802862
2.031930334,86.34853627
8.127721335,71.21797837
21.77068215,43.39604983
35.99419448,30.34392199
49.05660377,18.48980244