Study,Half_life_days,Estimated_Intake_ng_kg_bw_day
Russel_2013,31.0,26.607907898914025
Russel_2013,45.0,18.329892108140776
Russel_2013,14.0,58.917510347595346
Russel_2013,25.0,32.9938057946534
Russel_2013,48.0,17.184273851381977
Russel_2013,33.0,24.995307420191967
Russel_2013,49.0,16.83357438502724
